asset_id,store_id,asset_type,make,model,system_version,serial_number,install_date,last_service_date,warranty_expiry
POS-0001-T1,SW-0001,POS Terminal,FoodTech POS,FoodTech POS Terminal 1,FoodTech POS v5.1.0,FT962050,2022-09-05,2023-02-28,2025-09-05
RTR-0001-01,SW-0001,Network Router,NetLink NL-3000,NetLink NL-3000,NetLink NL-3000 v2.1,NL520172,2023-10-05,2023-02-07,2026-08-14
PRN-0001-P1,SW-0001,Receipt Printer,EpsonTM-T88VI,EpsonTM-T88VI,EpsonTM-T88VI v1.12,EP259097,2020-11-01,2023-10-16,2026-09-15
POS-0002-T1,SW-0002,POS Terminal,OrbitPOS,OrbitPOS Terminal 1,OrbitPOS v2.0,FT929151,2023-05-26,2023-11-02,2026-05-26
RTR-0002-01,SW-0002,Network Router,Cisco SG350,Cisco SG350,Cisco SG350 15.2.1,NL336650,2023-12-07,2023-07-14,2026-04-07
PRN-0002-P1,SW-0002,Receipt Printer,StarMC Print v2,StarMC Print v2,StarMC Print v2 v3.0,EP717113,2022-05-28,2023-06-06,2025-05-04
SSM-0002-01,SW-0002,Soft Serve Machine,CreamTech SC-300,CreamTech SC-300,CreamTech SC-300 v3.1,CT899787,2022-03-02,2023-11-17,2025-08-05
POS-0003-T1,SW-0003,POS Terminal,OrbitPOS,OrbitPOS Terminal 1,OrbitPOS v2.1,FT102805,2020-06-02,2023-03-22,2023-06-02
RTR-0003-01,SW-0003,Network Router,NetLink NL-3000,NetLink NL-3000,NetLink NL-3000 v2.2,NL572387,2023-08-21,2023-05-30,2025-02-03
PRN-0003-P1,SW-0003,Receipt Printer,StarMC Print v2,StarMC Print v2,StarMC Print v2 v3.0,EP837135,2022-07-18,2023-02-06,2026-04-24
PRN-0003-P2,SW-0003,Receipt Printer,StarMC Print v2,StarMC Print v2,StarMC Print v2 v3.0,EP926097,2023-07-04,2023-10-29,2026-02-10
SSM-0003-01,SW-0003,Soft Serve Machine,FrostyPro 800,FrostyPro 800,FrostyPro 800 v2.0,CT220351,2022-04-06,2023-11-28,2025-06-02
KSK-0003-01,SW-0003,Self-Order Kiosk,ServeWell Kiosk,ServeWell Kiosk,ServeWell Kiosk v2.1,KS966785,2022-05-26,2023-02-06,2026-03-03
POS-0004-T1,SW-0004,POS Terminal,OrbitPOS,OrbitPOS Terminal 1,OrbitPOS v2.1,FT230394,2021-08-14,2023-08-13,2024-08-14
RTR-0004-01,SW-0004,Network Router,NetLink NL-3000,NetLink NL-3000,NetLink NL-3000 v2.2,NL822131,2022-09-15,2023-12-25,2026-02-17
PRN-0004-P1,SW-0004,Receipt Printer,StarMC Print v2,StarMC Print v2,StarMC Print v2 v3.0,EP559023,2020-06-13,2023-11-03,2025-03-23
SSM-0004-01,SW-0004,Soft Serve Machine,FrostyPro 800,FrostyPro 800,FrostyPro 800 v2.0,CT870214,2022-10-23,2023-11-06,2025-09-14
POS-0005-T1,SW-0005,POS Terminal,OrbitPOS,OrbitPOS Terminal 1,OrbitPOS v2.1,FT901909,2023-04-17,2023-01-11,2026-04-17
RTR-0005-01,SW-0005,Network Router,Cisco SG350,Cisco SG350,Cisco SG350 15.2.1,NL961322,2022-07-06,2023-10-23,2025-02-11
PRN-0005-P1,SW-0005,Receipt Printer,EpsonTM-T88VI,EpsonTM-T88VI,EpsonTM-T88VI v1.12,EP593355,2022-11-28,2023-11-30,2027-06-25
SSM-0005-01,SW-0005,Soft Serve Machine,FrostyPro 800,FrostyPro 800,FrostyPro 800 v1.8,CT290305,2023-06-12,2023-11-22,2026-05-19
POS-0006-T1,SW-0006,POS Terminal,FoodTech POS,FoodTech POS Terminal 1,FoodTech POS v4.2.3,FT999398,2023-10-04,2023-02-23,2026-10-04
RTR-0006-01,SW-0006,Network Router,NetLink NL-3000,NetLink NL-3000,NetLink NL-3000 v2.1,NL445824,2023-04-24,2023-12-22,2026-05-23
PRN-0006-P1,SW-0006,Receipt Printer,StarMC Print v2,StarMC Print v2,StarMC Print v2 v3.0,EP953085,2023-01-31,2023-01-19,2027-07-21
POS-0007-T1,SW-0007,POS Terminal,FoodTech POS,FoodTech POS Terminal 1,FoodTech POS v5.1.0,FT789606,2022-11-19,2023-01-01,2025-11-19
POS-0007-T2,SW-0007,POS Terminal,FoodTech POS,FoodTech POS Terminal 2,FoodTech POS v5.1.1,FT156837,2022-08-04,2023-07-31,2025-08-04
RTR-0007-01,SW-0007,Network Router,NetLink NL-3000,NetLink NL-3000,NetLink NL-3000 v2.1,NL643623,2023-01-11,2023-11-15,2026-05-26
PRN-0007-P1,SW-0007,Receipt Printer,EpsonTM-T88VI,EpsonTM-T88VI,EpsonTM-T88VI v1.12,EP313446,2021-06-30,2023-10-09,2025-09-26
SSM-0007-01,SW-0007,Soft Serve Machine,FrostyPro 800,FrostyPro 800,FrostyPro 800 v1.8,CT559398,2023-09-20,2023-03-04,2025-01-30
KSK-0007-01,SW-0007,Self-Order Kiosk,TouchPoint K1,TouchPoint K1,TouchPoint K1 v1.1,KS738448,2022-09-03,2023-12-30,2026-06-12
POS-0008-T1,SW-0008,POS Terminal,FoodTech POS,FoodTech POS Terminal 1,FoodTech POS v4.2.2,FT223172,2020-08-20,2023-08-25,2023-08-20
RTR-0008-01,SW-0008,Network Router,Cisco SG350,Cisco SG350,Cisco SG350 15.2.1,NL972565,2021-11-12,2023-09-13,2025-10-26
PRN-0008-P1,SW-0008,Receipt Printer,StarMC Print v2,StarMC Print v2,StarMC Print v2 v3.0,EP535673,2022-09-15,2023-08-30,2026-05-15
SSM-0008-01,SW-0008,Soft Serve Machine,FrostyPro 800,FrostyPro 800,FrostyPro 800 v2.0,CT678043,2021-10-24,2023-07-16,2025-07-15
KSK-0008-01,SW-0008,Self-Order Kiosk,TouchPoint K1,TouchPoint K1,TouchPoint K1 v1.1,KS632929,2022-05-20,2023-02-05,2026-10-10
POS-0009-T1,SW-0009,POS Terminal,FoodTech POS,FoodTech POS Terminal 1,FoodTech POS v5.1.1,FT396578,2021-07-01,2023-01-02,2024-07-01
POS-0009-T2,SW-0009,POS Terminal,FoodTech POS,FoodTech POS Terminal 2,FoodTech POS v5.1.1,FT708093,2021-09-03,2023-10-28,2024-09-03
RTR-0009-01,SW-0009,Network Router,Cisco SG350,Cisco SG350,Cisco SG350 15.2.1,NL613425,2021-11-01,2023-08-17,2026-07-06
PRN-0009-P1,SW-0009,Receipt Printer,StarMC Print v2,StarMC Print v2,StarMC Print v2 v3.0,EP678727,2023-01-17,2023-07-13,2027-07-22
POS-0010-T1,SW-0010,POS Terminal,FoodTech POS,FoodTech POS Terminal 1,FoodTech POS v4.2.2,FT344907,2023-03-17,2023-07-16,2026-03-17
RTR-0010-01,SW-0010,Network Router,NetLink NL-3000,NetLink NL-3000,NetLink NL-3000 v2.2,NL145767,2022-10-14,2023-08-31,2026-12-24
PRN-0010-P1,SW-0010,Receipt Printer,StarMC Print v2,StarMC Print v2,StarMC Print v2 v3.0,EP504832,2023-09-21,2023-11-30,2025-11-08
POS-0011-T1,SW-0011,POS Terminal,OrbitPOS,OrbitPOS Terminal 1,OrbitPOS v2.1,FT986088,2021-11-10,2023-02-21,2024-11-10
RTR-0011-01,SW-0011,Network Router,NetLink NL-3000,NetLink NL-3000,NetLink NL-3000 v2.2,NL204555,2023-12-14,2023-08-22,2025-01-16
PRN-0011-P1,SW-0011,Receipt Printer,StarMC Print v2,StarMC Print v2,StarMC Print v2 v3.0,EP786587,2020-11-12,2023-02-08,2027-08-20
KSK-0011-01,SW-0011,Self-Order Kiosk,ServeWell Kiosk,ServeWell Kiosk,ServeWell Kiosk v2.1,KS455007,2023-10-01,2023-12-21,2027-02-12
POS-0012-T1,SW-0012,POS Terminal,OrbitPOS,OrbitPOS Terminal 1,OrbitPOS v2.1,FT757246,2022-02-17,2023-06-12,2025-02-17
RTR-0012-01,SW-0012,Network Router,Cisco SG350,Cisco SG350,Cisco SG350 15.2.1,NL896290,2023-09-27,2023-10-05,2025-02-06
PRN-0012-P1,SW-0012,Receipt Printer,EpsonTM-T88VI,EpsonTM-T88VI,EpsonTM-T88VI v1.12,EP761820,2023-11-02,2023-05-28,2026-04-11
POS-0013-T1,SW-0013,POS Terminal,FoodTech POS,FoodTech POS Terminal 1,FoodTech POS v5.1.1,FT565230,2023-12-12,2023-02-21,2026-12-12
POS-0013-T2,SW-0013,POS Terminal,FoodTech POS,FoodTech POS Terminal 2,FoodTech POS v4.2.3,FT130353,2023-11-22,2023-06-03,2026-11-22
RTR-0013-01,SW-0013,Network Router,NetLink NL-3000,NetLink NL-3000,NetLink NL-3000 v2.1,NL440131,2021-04-25,2023-05-31,2026-01-03
PRN-0013-P1,SW-0013,Receipt Printer,EpsonTM-T88VI,EpsonTM-T88VI,EpsonTM-T88VI v1.12,EP356059,2022-12-23,2023-07-30,2026-01-04
POS-0014-T1,SW-0014,POS Terminal,OrbitPOS,OrbitPOS Terminal 1,OrbitPOS v2.1,FT621841,2023-10-31,2023-05-04,2026-10-31
RTR-0014-01,SW-0014,Network Router,Cisco SG350,Cisco SG350,Cisco SG350 15.2.1,NL250069,2022-04-21,2023-08-25,2026-10-16
PRN-0014-P1,SW-0014,Receipt Printer,StarMC Print v2,StarMC Print v2,StarMC Print v2 v3.0,EP799233,2020-01-20,2023-08-27,2026-08-13
SSM-0014-01,SW-0014,Soft Serve Machine,CreamTech SC-500,CreamTech SC-500,CreamTech SC-500 v2.4,CT177449,2023-06-24,2023-06-26,2026-08-25
KSK-0014-01,SW-0014,Self-Order Kiosk,ServeWell Kiosk,ServeWell Kiosk,ServeWell Kiosk v2.1,KS769975,2023-03-11,2023-12-20,2026-09-14
POS-0015-T1,SW-0015,POS Terminal,OrbitPOS,OrbitPOS Terminal 1,OrbitPOS v2.0,FT499889,2020-08-06,2023-05-02,2023-08-06
RTR-0015-01,SW-0015,Network Router,Cisco SG350,Cisco SG350,Cisco SG350 15.2.1,NL476395,2022-08-29,2023-12-25,2025-10-30
PRN-0015-P1,SW-0015,Receipt Printer,StarMC Print v2,StarMC Print v2,StarMC Print v2 v3.0,EP387813,2020-01-17,2023-10-17,2025-04-11
PRN-0015-P2,SW-0015,Receipt Printer,StarMC Print v2,StarMC Print v2,StarMC Print v2 v3.0,EP973294,2021-08-09,2023-04-28,2026-12-23
POS-0016-T1,SW-0016,POS Terminal,FoodTech POS,FoodTech POS Terminal 1,FoodTech POS v4.2.2,FT757937,2023-07-10,2023-02-19,2026-07-10
RTR-0016-01,SW-0016,Network Router,Cisco SG350,Cisco SG350,Cisco SG350 15.2.1,NL141337,2022-09-25,2023-08-14,2025-02-04
PRN-0016-P1,SW-0016,Receipt Printer,EpsonTM-T88VI,EpsonTM-T88VI,EpsonTM-T88VI v1.12,EP194511,2021-08-27,2023-06-17,2027-05-01
SSM-0016-01,SW-0016,Soft Serve Machine,CreamTech SC-500,CreamTech SC-500,CreamTech SC-500 v2.4,CT310548,2021-09-28,2023-10-04,2026-01-10
POS-0017-T1,SW-0017,POS Terminal,FoodTech POS,FoodTech POS Terminal 1,FoodTech POS v5.1.0,FT882824,2022-09-13,2023-06-01,2025-09-13
RTR-0017-01,SW-0017,Network Router,NetLink NL-3000,NetLink NL-3000,NetLink NL-3000 v2.2,NL943298,2021-08-24,2023-08-28,2025-03-19
PRN-0017-P1,SW-0017,Receipt Printer,EpsonTM-T88VI,EpsonTM-T88VI,EpsonTM-T88VI v1.12,EP809176,2023-10-13,2023-07-23,2027-01-20
PRN-0017-P2,SW-0017,Receipt Printer,EpsonTM-T88VI,EpsonTM-T88VI,EpsonTM-T88VI v1.12,EP929090,2022-03-19,2023-01-08,2026-06-26
POS-0018-T1,SW-0018,POS Terminal,FoodTech POS,FoodTech POS Terminal 1,FoodTech POS v4.2.3,FT962367,2023-04-12,2023-07-15,2026-04-12
RTR-0018-01,SW-0018,Network Router,Cisco SG350,Cisco SG350,Cisco SG350 15.2.1,NL489518,2021-08-10,2023-12-12,2025-08-28
PRN-0018-P1,SW-0018,Receipt Printer,StarMC Print v2,StarMC Print v2,StarMC Print v2 v3.0,EP739717,2021-03-29,2023-11-28,2025-05-10
POS-0019-T1,SW-0019,POS Terminal,FoodTech POS,FoodTech POS Terminal 1,FoodTech POS v5.1.1,FT246566,2022-04-16,2023-03-01,2025-04-16
RTR-0019-01,SW-0019,Network Router,NetLink NL-3000,NetLink NL-3000,NetLink NL-3000 v2.1,NL139019,2022-09-16,2023-09-10,2025-04-29
PRN-0019-P1,SW-0019,Receipt Printer,EpsonTM-T88VI,EpsonTM-T88VI,EpsonTM-T88VI v1.12,EP507524,2022-07-18,2023-07-09,2027-05-09
PRN-0019-P2,SW-0019,Receipt Printer,EpsonTM-T88VI,EpsonTM-T88VI,EpsonTM-T88VI v1.12,EP535037,2023-09-03,2023-02-20,2027-09-30
POS-0020-T1,SW-0020,POS Terminal,FoodTech POS,FoodTech POS Terminal 1,FoodTech POS v4.2.3,FT566297,2021-03-20,2023-08-16,2024-03-20
RTR-0020-01,SW-0020,Network Router,NetLink NL-3000,NetLink NL-3000,NetLink NL-3000 v2.1,NL997004,2023-01-13,2023-02-20,2026-12-04
PRN-0020-P1,SW-0020,Receipt Printer,StarMC Print v2,StarMC Print v2,StarMC Print v2 v3.0,EP163491,2022-03-26,2023-05-22,2026-01-24
POS-0021-T1,SW-0021,POS Terminal,FoodTech POS,FoodTech POS Terminal 1,FoodTech POS v4.2.1,FT772875,2023-09-19,2023-04-19,2026-09-19
RTR-0021-01,SW-0021,Network Router,Cisco SG350,Cisco SG350,Cisco SG350 15.2.1,NL726152,2021-02-13,2023-01-26,2025-12-08
PRN-0021-P1,SW-0021,Receipt Printer,EpsonTM-T88VI,EpsonTM-T88VI,EpsonTM-T88VI v1.12,EP925206,2023-03-02,2023-04-16,2025-05-21
PRN-0021-P2,SW-0021,Receipt Printer,EpsonTM-T88VI,EpsonTM-T88VI,EpsonTM-T88VI v1.12,EP714867,2021-03-18,2023-04-30,2026-11-04
POS-0022-T1,SW-0022,POS Terminal,FoodTech POS,FoodTech POS Terminal 1,FoodTech POS v4.2.3,FT666456,2020-10-23,2023-03-08,2023-10-23
RTR-0022-01,SW-0022,Network Router,NetLink NL-3000,NetLink NL-3000,NetLink NL-3000 v2.2,NL937302,2021-12-24,2023-02-26,2026-11-08
PRN-0022-P1,SW-0022,Receipt Printer,EpsonTM-T88VI,EpsonTM-T88VI,EpsonTM-T88VI v1.12,EP115582,2022-01-03,2023-05-02,2026-10-26
POS-0023-T1,SW-0023,POS Terminal,OrbitPOS,OrbitPOS Terminal 1,OrbitPOS v2.0,FT881886,2022-12-13,2023-02-28,2025-12-13
POS-0023-T2,SW-0023,POS Terminal,FoodTech POS,FoodTech POS Terminal 2,FoodTech POS v4.2.1,FT915809,2022-09-02,2023-08-18,2025-09-02
RTR-0023-01,SW-0023,Network Router,NetLink NL-3000,NetLink NL-3000,NetLink NL-3000 v2.2,NL638169,2021-08-12,2023-08-20,2026-05-31
PRN-0023-P1,SW-0023,Receipt Printer,EpsonTM-T88VI,EpsonTM-T88VI,EpsonTM-T88VI v1.12,EP862569,2023-09-11,2023-09-24,2026-09-10
PRN-0023-P2,SW-0023,Receipt Printer,StarMC Print v2,StarMC Print v2,StarMC Print v2 v3.0,EP774591,2020-03-04,2023-02-01,2027-09-08
SSM-0023-01,SW-0023,Soft Serve Machine,FrostyPro 800,FrostyPro 800,FrostyPro 800 v2.0,CT546980,2021-08-10,2023-09-09,2026-12-31
POS-0024-T1,SW-0024,POS Terminal,OrbitPOS,OrbitPOS Terminal 1,OrbitPOS v2.1,FT232321,2020-10-30,2023-02-03,2023-10-30
POS-0024-T2,SW-0024,POS Terminal,FoodTech POS,FoodTech POS Terminal 2,FoodTech POS v4.2.3,FT713799,2023-07-02,2023-11-21,2026-07-02
RTR-0024-01,SW-0024,Network Router,Cisco SG350,Cisco SG350,Cisco SG350 15.2.1,NL846746,2022-10-28,2023-07-15,2026-09-04
PRN-0024-P1,SW-0024,Receipt Printer,StarMC Print v2,StarMC Print v2,StarMC Print v2 v3.0,EP630108,2023-05-24,2023-08-09,2025-07-23
KSK-0024-01,SW-0024,Self-Order Kiosk,TouchPoint K1,TouchPoint K1,TouchPoint K1 v1.1,KS219971,2023-11-02,2023-11-30,2027-07-19
POS-0025-T1,SW-0025,POS Terminal,FoodTech POS,FoodTech POS Terminal 1,FoodTech POS v4.2.3,FT967611,2022-04-27,2023-06-23,2025-04-27
RTR-0025-01,SW-0025,Network Router,NetLink NL-3000,NetLink NL-3000,NetLink NL-3000 v2.2,NL518098,2023-05-02,2023-02-18,2025-11-17
PRN-0025-P1,SW-0025,Receipt Printer,StarMC Print v2,StarMC Print v2,StarMC Print v2 v3.0,EP492483,2020-11-08,2023-12-18,2027-08-30
KSK-0025-01,SW-0025,Self-Order Kiosk,ServeWell Kiosk,ServeWell Kiosk,ServeWell Kiosk v2.0,KS195656,2022-03-29,2023-02-17,2027-03-19
POS-0026-T1,SW-0026,POS Terminal,FoodTech POS,FoodTech POS Terminal 1,FoodTech POS v5.1.1,FT688866,2020-05-02,2023-10-28,2023-05-02
RTR-0026-01,SW-0026,Network Router,Cisco SG350,Cisco SG350,Cisco SG350 15.2.1,NL445658,2021-09-08,2023-07-30,2025-12-29
PRN-0026-P1,SW-0026,Receipt Printer,StarMC Print v2,StarMC Print v2,StarMC Print v2 v3.0,EP856086,2020-04-15,2023-05-28,2026-10-02
SSM-0026-01,SW-0026,Soft Serve Machine,FrostyPro 800,FrostyPro 800,FrostyPro 800 v1.8,CT208633,2023-11-06,2023-04-19,2025-06-08
POS-0027-T1,SW-0027,POS Terminal,FoodTech POS,FoodTech POS Terminal 1,FoodTech POS v5.1.1,FT899649,2022-01-22,2023-02-28,2025-01-22
POS-0027-T2,SW-0027,POS Terminal,FoodTech POS,FoodTech POS Terminal 2,FoodTech POS v5.1.0,FT946432,2023-03-21,2023-04-26,2026-03-21
RTR-0027-01,SW-0027,Network Router,NetLink NL-3000,NetLink NL-3000,NetLink NL-3000 v2.2,NL986209,2021-02-23,2023-11-08,2026-11-05
PRN-0027-P1,SW-0027,Receipt Printer,StarMC Print v2,StarMC Print v2,StarMC Print v2 v3.0,EP130359,2021-01-04,2023-05-20,2026-09-25
KSK-0027-01,SW-0027,Self-Order Kiosk,ServeWell Kiosk,ServeWell Kiosk,ServeWell Kiosk v2.1,KS468074,2022-01-07,2023-04-03,2026-05-27
POS-0028-T1,SW-0028,POS Terminal,FoodTech POS,FoodTech POS Terminal 1,FoodTech POS v4.2.1,FT325583,2020-07-06,2023-09-29,2023-07-06
POS-0028-T2,SW-0028,POS Terminal,OrbitPOS,OrbitPOS Terminal 2,OrbitPOS v2.0,FT457455,2022-05-09,2023-08-21,2025-05-09
RTR-0028-01,SW-0028,Network Router,NetLink NL-3000,NetLink NL-3000,NetLink NL-3000 v2.1,NL488028,2022-10-01,2023-06-16,2026-08-05
PRN-0028-P1,SW-0028,Receipt Printer,EpsonTM-T88VI,EpsonTM-T88VI,EpsonTM-T88VI v1.12,EP263137,2020-11-18,2023-11-13,2025-04-12
POS-0029-T1,SW-0029,POS Terminal,OrbitPOS,OrbitPOS Terminal 1,OrbitPOS v2.0,FT534303,2023-05-28,2023-08-15,2026-05-28
RTR-0029-01,SW-0029,Network Router,NetLink NL-3000,NetLink NL-3000,NetLink NL-3000 v2.2,NL326040,2023-11-16,2023-02-28,2025-12-20
PRN-0029-P1,SW-0029,Receipt Printer,StarMC Print v2,StarMC Print v2,StarMC Print v2 v3.0,EP811163,2023-10-21,2023-10-31,2027-09-24
POS-0030-T1,SW-0030,POS Terminal,OrbitPOS,OrbitPOS Terminal 1,OrbitPOS v2.1,FT314353,2020-04-22,2023-01-04,2023-04-22
RTR-0030-01,SW-0030,Network Router,NetLink NL-3000,NetLink NL-3000,NetLink NL-3000 v2.2,NL321494,2021-10-09,2023-05-11,2025-10-24
PRN-0030-P1,SW-0030,Receipt Printer,EpsonTM-T88VI,EpsonTM-T88VI,EpsonTM-T88VI v1.12,EP621546,2022-05-31,2023-03-31,2025-09-22
POS-0031-T1,SW-0031,POS Terminal,FoodTech POS,FoodTech POS Terminal 1,FoodTech POS v4.2.3,FT878086,2020-05-27,2023-07-23,2023-05-27
RTR-0031-01,SW-0031,Network Router,NetLink NL-3000,NetLink NL-3000,NetLink NL-3000 v2.1,NL557409,2021-02-08,2023-08-24,2025-03-21
PRN-0031-P1,SW-0031,Receipt Printer,StarMC Print v2,StarMC Print v2,StarMC Print v2 v3.0,EP701253,2022-04-08,2023-12-30,2027-05-06
POS-0032-T1,SW-0032,POS Terminal,FoodTech POS,FoodTech POS Terminal 1,FoodTech POS v4.2.2,FT972442,2023-06-19,2023-08-24,2026-06-19
RTR-0032-01,SW-0032,Network Router,Cisco SG350,Cisco SG350,Cisco SG350 15.2.1,NL479430,2021-06-30,2023-08-12,2025-04-19
PRN-0032-P1,SW-0032,Receipt Printer,StarMC Print v2,StarMC Print v2,StarMC Print v2 v3.0,EP649414,2020-06-10,2023-07-22,2026-09-28
PRN-0032-P2,SW-0032,Receipt Printer,StarMC Print v2,StarMC Print v2,StarMC Print v2 v3.0,EP332335,2021-11-13,2023-03-28,2025-06-06
SSM-0032-01,SW-0032,Soft Serve Machine,CreamTech SC-300,CreamTech SC-300,CreamTech SC-300 v3.1,CT656379,2023-11-11,2023-04-10,2025-12-24
POS-0033-T1,SW-0033,POS Terminal,FoodTech POS,FoodTech POS Terminal 1,FoodTech POS v4.2.2,FT253557,2021-04-28,2023-02-22,2024-04-28
RTR-0033-01,SW-0033,Network Router,NetLink NL-3000,NetLink NL-3000,NetLink NL-3000 v2.2,NL306854,2021-12-22,2023-11-05,2025-06-06
PRN-0033-P1,SW-0033,Receipt Printer,EpsonTM-T88VI,EpsonTM-T88VI,EpsonTM-T88VI v1.12,EP285751,2023-07-10,2023-09-10,2027-08-09
POS-0034-T1,SW-0034,POS Terminal,OrbitPOS,OrbitPOS Terminal 1,OrbitPOS v2.1,FT754858,2023-08-09,2023-11-22,2026-08-09
RTR-0034-01,SW-0034,Network Router,NetLink NL-3000,NetLink NL-3000,NetLink NL-3000 v2.2,NL757685,2022-10-10,2023-03-19,2026-03-27
PRN-0034-P1,SW-0034,Receipt Printer,StarMC Print v2,StarMC Print v2,StarMC Print v2 v3.0,EP762055,2021-09-12,2023-05-21,2025-04-26
PRN-0034-P2,SW-0034,Receipt Printer,StarMC Print v2,StarMC Print v2,StarMC Print v2 v3.0,EP631981,2020-05-31,2023-06-08,2027-08-04
POS-0035-T1,SW-0035,POS Terminal,FoodTech POS,FoodTech POS Terminal 1,FoodTech POS v4.2.1,FT744883,2023-08-13,2023-02-16,2026-08-13
RTR-0035-01,SW-0035,Network Router,Cisco SG350,Cisco SG350,Cisco SG350 15.2.1,NL631699,2023-02-27,2023-08-25,2026-08-18
PRN-0035-P1,SW-0035,Receipt Printer,EpsonTM-T88VI,EpsonTM-T88VI,EpsonTM-T88VI v1.12,EP571579,2023-03-16,2023-11-30,2026-01-21
KSK-0035-01,SW-0035,Self-Order Kiosk,ServeWell Kiosk,ServeWell Kiosk,ServeWell Kiosk v2.1,KS734394,2023-05-03,2023-09-14,2026-06-04
POS-0036-T1,SW-0036,POS Terminal,FoodTech POS,FoodTech POS Terminal 1,FoodTech POS v4.2.3,FT777513,2020-06-21,2023-09-16,2023-06-21
RTR-0036-01,SW-0036,Network Router,NetLink NL-3000,NetLink NL-3000,NetLink NL-3000 v2.1,NL141043,2022-05-23,2023-12-29,2026-03-25
PRN-0036-P1,SW-0036,Receipt Printer,EpsonTM-T88VI,EpsonTM-T88VI,EpsonTM-T88VI v1.12,EP481574,2022-02-02,2023-05-25,2027-03-05
POS-0037-T1,SW-0037,POS Terminal,FoodTech POS,FoodTech POS Terminal 1,FoodTech POS v5.1.1,FT169113,2023-08-18,2023-06-21,2026-08-18
RTR-0037-01,SW-0037,Network Router,NetLink NL-3000,NetLink NL-3000,NetLink NL-3000 v2.2,NL199096,2023-03-03,2023-05-26,2025-09-16
PRN-0037-P1,SW-0037,Receipt Printer,EpsonTM-T88VI,EpsonTM-T88VI,EpsonTM-T88VI v1.12,EP449555,2020-06-15,2023-10-26,2025-10-17
POS-0038-T1,SW-0038,POS Terminal,FoodTech POS,FoodTech POS Terminal 1,FoodTech POS v5.1.1,FT723945,2022-03-13,2023-03-08,2025-03-13
RTR-0038-01,SW-0038,Network Router,Cisco SG350,Cisco SG350,Cisco SG350 15.2.1,NL188834,2022-09-27,2023-10-14,2026-01-21
PRN-0038-P1,SW-0038,Receipt Printer,StarMC Print v2,StarMC Print v2,StarMC Print v2 v3.0,EP952686,2020-09-18,2023-12-10,2027-12-15
POS-0039-T1,SW-0039,POS Terminal,FoodTech POS,FoodTech POS Terminal 1,FoodTech POS v4.2.3,FT289019,2022-01-12,2023-06-08,2025-01-12
RTR-0039-01,SW-0039,Network Router,NetLink NL-3000,NetLink NL-3000,NetLink NL-3000 v2.1,NL458332,2023-09-23,2023-04-09,2025-08-20
PRN-0039-P1,SW-0039,Receipt Printer,EpsonTM-T88VI,EpsonTM-T88VI,EpsonTM-T88VI v1.12,EP180913,2021-08-28,2023-02-21,2027-11-06
SSM-0039-01,SW-0039,Soft Serve Machine,CreamTech SC-300,CreamTech SC-300,CreamTech SC-300 v3.1,CT794083,2022-11-21,2023-11-13,2025-05-15
POS-0040-T1,SW-0040,POS Terminal,FoodTech POS,FoodTech POS Terminal 1,FoodTech POS v5.1.1,FT856215,2023-07-03,2023-03-26,2026-07-03
POS-0040-T2,SW-0040,POS Terminal,FoodTech POS,FoodTech POS Terminal 2,FoodTech POS v5.1.0,FT481995,2020-03-30,2023-07-30,2023-03-30
RTR-0040-01,SW-0040,Network Router,Cisco SG350,Cisco SG350,Cisco SG350 15.2.1,NL854540,2022-05-02,2023-08-16,2026-09-18
PRN-0040-P1,SW-0040,Receipt Printer,StarMC Print v2,StarMC Print v2,StarMC Print v2 v3.0,EP345369,2022-12-29,2023-05-03,2026-09-26
KSK-0040-01,SW-0040,Self-Order Kiosk,ServeWell Kiosk,ServeWell Kiosk,ServeWell Kiosk v2.1,KS975679,2022-07-18,2023-07-08,2027-11-26
POS-0041-T1,SW-0041,POS Terminal,FoodTech POS,FoodTech POS Terminal 1,FoodTech POS v4.2.3,FT653081,2022-02-21,2023-09-15,2025-02-21
RTR-0041-01,SW-0041,Network Router,NetLink NL-3000,NetLink NL-3000,NetLink NL-3000 v2.2,NL269930,2022-02-13,2023-11-06,2025-05-22
PRN-0041-P1,SW-0041,Receipt Printer,EpsonTM-T88VI,EpsonTM-T88VI,EpsonTM-T88VI v1.12,EP772324,2022-09-11,2023-07-10,2025-07-30
POS-0042-T1,SW-0042,POS Terminal,FoodTech POS,FoodTech POS Terminal 1,FoodTech POS v4.2.1,FT571145,2020-11-24,2023-05-20,2023-11-24
POS-0042-T2,SW-0042,POS Terminal,OrbitPOS,OrbitPOS Terminal 2,OrbitPOS v2.1,FT196168,2020-10-28,2023-08-12,2023-10-28
RTR-0042-01,SW-0042,Network Router,NetLink NL-3000,NetLink NL-3000,NetLink NL-3000 v2.1,NL956375,2023-07-13,2023-06-28,2025-01-28
PRN-0042-P1,SW-0042,Receipt Printer,StarMC Print v2,StarMC Print v2,StarMC Print v2 v3.0,EP626392,2022-02-04,2023-05-01,2027-03-02
POS-0043-T1,SW-0043,POS Terminal,FoodTech POS,FoodTech POS Terminal 1,FoodTech POS v4.2.1,FT929822,2023-08-24,2023-06-21,2026-08-24
POS-0043-T2,SW-0043,POS Terminal,FoodTech POS,FoodTech POS Terminal 2,FoodTech POS v4.2.2,FT400814,2020-10-08,2023-01-20,2023-10-08
RTR-0043-01,SW-0043,Network Router,NetLink NL-3000,NetLink NL-3000,NetLink NL-3000 v2.2,NL829884,2021-10-12,2023-12-28,2026-04-26
PRN-0043-P1,SW-0043,Receipt Printer,EpsonTM-T88VI,EpsonTM-T88VI,EpsonTM-T88VI v1.12,EP183074,2020-02-08,2023-05-12,2026-03-18
POS-0044-T1,SW-0044,POS Terminal,OrbitPOS,OrbitPOS Terminal 1,OrbitPOS v2.1,FT913875,2022-05-16,2023-02-26,2025-05-16
RTR-0044-01,SW-0044,Network Router,NetLink NL-3000,NetLink NL-3000,NetLink NL-3000 v2.2,NL349183,2022-09-09,2023-03-04,2025-02-18
PRN-0044-P1,SW-0044,Receipt Printer,StarMC Print v2,StarMC Print v2,StarMC Print v2 v3.0,EP165858,2020-08-15,2023-09-13,2025-02-03
PRN-0044-P2,SW-0044,Receipt Printer,EpsonTM-T88VI,EpsonTM-T88VI,EpsonTM-T88VI v1.12,EP853448,2020-10-21,2023-05-30,2027-05-30
POS-0045-T1,SW-0045,POS Terminal,FoodTech POS,FoodTech POS Terminal 1,FoodTech POS v4.2.2,FT189772,2023-09-22,2023-12-09,2026-09-22
RTR-0045-01,SW-0045,Network Router,Cisco SG350,Cisco SG350,Cisco SG350 15.2.1,NL478120,2021-05-19,2023-09-27,2026-07-12
PRN-0045-P1,SW-0045,Receipt Printer,EpsonTM-T88VI,EpsonTM-T88VI,EpsonTM-T88VI v1.12,EP509420,2022-08-20,2023-01-23,2027-03-04
SSM-0045-01,SW-0045,Soft Serve Machine,FrostyPro 800,FrostyPro 800,FrostyPro 800 v1.8,CT365971,2021-02-03,2023-07-02,2025-03-11
POS-0046-T1,SW-0046,POS Terminal,OrbitPOS,OrbitPOS Terminal 1,OrbitPOS v2.1,FT146489,2021-11-11,2023-03-10,2024-11-11
RTR-0046-01,SW-0046,Network Router,NetLink NL-3000,NetLink NL-3000,NetLink NL-3000 v2.2,NL672536,2022-11-25,2023-11-26,2025-06-29
PRN-0046-P1,SW-0046,Receipt Printer,StarMC Print v2,StarMC Print v2,StarMC Print v2 v3.0,EP829168,2022-09-07,2023-11-20,2026-01-09
SSM-0046-01,SW-0046,Soft Serve Machine,CreamTech SC-500,CreamTech SC-500,CreamTech SC-500 v2.4,CT166165,2023-07-27,2023-01-19,2025-10-28
POS-0047-T1,SW-0047,POS Terminal,FoodTech POS,FoodTech POS Terminal 1,FoodTech POS v5.1.0,FT517568,2021-09-27,2023-09-21,2024-09-27
RTR-0047-01,SW-0047,Network Router,Cisco SG350,Cisco SG350,Cisco SG350 15.2.1,NL596395,2022-06-03,2023-01-19,2026-10-25
PRN-0047-P1,SW-0047,Receipt Printer,StarMC Print v2,StarMC Print v2,StarMC Print v2 v3.0,EP918771,2020-04-07,2023-12-02,2026-11-11
PRN-0047-P2,SW-0047,Receipt Printer,StarMC Print v2,StarMC Print v2,StarMC Print v2 v3.0,EP230521,2022-01-23,2023-08-12,2027-03-31
SSM-0047-01,SW-0047,Soft Serve Machine,FrostyPro 800,FrostyPro 800,FrostyPro 800 v2.0,CT505426,2022-11-26,2023-04-06,2026-05-24
POS-0048-T1,SW-0048,POS Terminal,FoodTech POS,FoodTech POS Terminal 1,FoodTech POS v4.2.3,FT182760,2020-06-18,2023-08-06,2023-06-18
RTR-0048-01,SW-0048,Network Router,NetLink NL-3000,NetLink NL-3000,NetLink NL-3000 v2.2,NL731718,2022-01-05,2023-10-07,2025-10-28
PRN-0048-P1,SW-0048,Receipt Printer,EpsonTM-T88VI,EpsonTM-T88VI,EpsonTM-T88VI v1.12,EP443848,2023-09-15,2023-06-01,2026-09-20
POS-0049-T1,SW-0049,POS Terminal,OrbitPOS,OrbitPOS Terminal 1,OrbitPOS v2.0,FT144412,2021-12-20,2023-08-17,2024-12-20
POS-0049-T2,SW-0049,POS Terminal,FoodTech POS,FoodTech POS Terminal 2,FoodTech POS v4.2.3,FT387892,2023-06-13,2023-08-11,2026-06-13
RTR-0049-01,SW-0049,Network Router,Cisco SG350,Cisco SG350,Cisco SG350 15.2.1,NL929924,2021-04-28,2023-02-08,2026-11-19
PRN-0049-P1,SW-0049,Receipt Printer,StarMC Print v2,StarMC Print v2,StarMC Print v2 v3.0,EP638009,2023-10-23,2023-03-23,2025-03-05
POS-0050-T1,SW-0050,POS Terminal,FoodTech POS,FoodTech POS Terminal 1,FoodTech POS v4.2.3,FT347459,2020-09-15,2023-02-04,2023-09-15
RTR-0050-01,SW-0050,Network Router,Cisco SG350,Cisco SG350,Cisco SG350 15.2.1,NL484123,2023-01-12,2023-07-16,2026-08-04
PRN-0050-P1,SW-0050,Receipt Printer,EpsonTM-T88VI,EpsonTM-T88VI,EpsonTM-T88VI v1.12,EP812048,2022-07-10,2023-07-09,2027-02-01
PRN-0050-P2,SW-0050,Receipt Printer,StarMC Print v2,StarMC Print v2,StarMC Print v2 v3.0,EP900152,2020-06-06,2023-10-21,2025-10-09
SSM-0050-01,SW-0050,Soft Serve Machine,FrostyPro 800,FrostyPro 800,FrostyPro 800 v1.8,CT517368,2022-10-06,2023-11-29,2025-10-13
POS-0051-T1,SW-0051,POS Terminal,FoodTech POS,FoodTech POS Terminal 1,FoodTech POS v5.1.0,FT688956,2022-11-26,2023-07-18,2025-11-26
RTR-0051-01,SW-0051,Network Router,NetLink NL-3000,NetLink NL-3000,NetLink NL-3000 v2.1,NL374492,2022-06-18,2023-12-27,2026-04-02
PRN-0051-P1,SW-0051,Receipt Printer,StarMC Print v2,StarMC Print v2,StarMC Print v2 v3.0,EP827691,2022-10-02,2023-04-13,2025-09-09
PRN-0051-P2,SW-0051,Receipt Printer,EpsonTM-T88VI,EpsonTM-T88VI,EpsonTM-T88VI v1.12,EP994253,2020-05-31,2023-08-20,2025-12-20
SSM-0051-01,SW-0051,Soft Serve Machine,FrostyPro 800,FrostyPro 800,FrostyPro 800 v2.0,CT192055,2022-10-17,2023-12-08,2025-12-22
KSK-0051-01,SW-0051,Self-Order Kiosk,TouchPoint K1,TouchPoint K1,TouchPoint K1 v1.1,KS168093,2023-07-18,2023-10-05,2026-10-25
POS-0052-T1,SW-0052,POS Terminal,FoodTech POS,FoodTech POS Terminal 1,FoodTech POS v4.2.2,FT335134,2022-01-10,2023-09-18,2025-01-10
RTR-0052-01,SW-0052,Network Router,NetLink NL-3000,NetLink NL-3000,NetLink NL-3000 v2.1,NL310743,2021-10-12,2023-05-02,2026-05-21
PRN-0052-P1,SW-0052,Receipt Printer,StarMC Print v2,StarMC Print v2,StarMC Print v2 v3.0,EP590110,2023-02-03,2023-03-08,2025-06-26
PRN-0052-P2,SW-0052,Receipt Printer,EpsonTM-T88VI,EpsonTM-T88VI,EpsonTM-T88VI v1.12,EP424314,2022-03-26,2023-09-03,2027-12-13
POS-0053-T1,SW-0053,POS Terminal,FoodTech POS,FoodTech POS Terminal 1,FoodTech POS v4.2.2,FT177767,2021-10-11,2023-11-25,2024-10-11
RTR-0053-01,SW-0053,Network Router,NetLink NL-3000,NetLink NL-3000,NetLink NL-3000 v2.2,NL588461,2023-11-26,2023-06-26,2025-05-12
PRN-0053-P1,SW-0053,Receipt Printer,EpsonTM-T88VI,EpsonTM-T88VI,EpsonTM-T88VI v1.12,EP905077,2020-09-21,2023-08-10,2027-10-27
POS-0054-T1,SW-0054,POS Terminal,FoodTech POS,FoodTech POS Terminal 1,FoodTech POS v4.2.2,FT269834,2021-09-14,2023-03-26,2024-09-14
POS-0054-T2,SW-0054,POS Terminal,FoodTech POS,FoodTech POS Terminal 2,FoodTech POS v4.2.3,FT462831,2023-12-23,2023-04-26,2026-12-23
RTR-0054-01,SW-0054,Network Router,Cisco SG350,Cisco SG350,Cisco SG350 15.2.1,NL397846,2021-06-11,2023-05-09,2025-07-21
PRN-0054-P1,SW-0054,Receipt Printer,StarMC Print v2,StarMC Print v2,StarMC Print v2 v3.0,EP231250,2023-07-04,2023-06-05,2027-12-29
KSK-0054-01,SW-0054,Self-Order Kiosk,ServeWell Kiosk,ServeWell Kiosk,ServeWell Kiosk v2.0,KS626986,2023-10-19,2023-03-28,2027-08-30
POS-0055-T1,SW-0055,POS Terminal,OrbitPOS,OrbitPOS Terminal 1,OrbitPOS v2.1,FT143195,2021-11-22,2023-10-16,2024-11-22
RTR-0055-01,SW-0055,Network Router,NetLink NL-3000,NetLink NL-3000,NetLink NL-3000 v2.1,NL185168,2021-04-04,2023-11-25,2026-08-14
PRN-0055-P1,SW-0055,Receipt Printer,EpsonTM-T88VI,EpsonTM-T88VI,EpsonTM-T88VI v1.12,EP904214,2023-03-17,2023-08-02,2025-03-04
POS-0056-T1,SW-0056,POS Terminal,FoodTech POS,FoodTech POS Terminal 1,FoodTech POS v4.2.3,FT943776,2022-09-16,2023-05-06,2025-09-16
RTR-0056-01,SW-0056,Network Router,Cisco SG350,Cisco SG350,Cisco SG350 15.2.1,NL525818,2022-09-02,2023-08-21,2025-03-16
PRN-0056-P1,SW-0056,Receipt Printer,EpsonTM-T88VI,EpsonTM-T88VI,EpsonTM-T88VI v1.12,EP560959,2022-05-01,2023-09-05,2027-08-10
POS-0057-T1,SW-0057,POS Terminal,FoodTech POS,FoodTech POS Terminal 1,FoodTech POS v4.2.3,FT237118,2021-12-08,2023-07-24,2024-12-08
RTR-0057-01,SW-0057,Network Router,NetLink NL-3000,NetLink NL-3000,NetLink NL-3000 v2.2,NL639995,2021-08-06,2023-06-13,2025-09-05
PRN-0057-P1,SW-0057,Receipt Printer,StarMC Print v2,StarMC Print v2,StarMC Print v2 v3.0,EP571435,2021-05-22,2023-03-14,2025-07-18
SSM-0057-01,SW-0057,Soft Serve Machine,CreamTech SC-300,CreamTech SC-300,CreamTech SC-300 v3.1,CT404309,2023-02-26,2023-11-12,2026-03-05
POS-0058-T1,SW-0058,POS Terminal,FoodTech POS,FoodTech POS Terminal 1,FoodTech POS v4.2.3,FT299055,2023-03-29,2023-06-10,2026-03-29
POS-0058-T2,SW-0058,POS Terminal,FoodTech POS,FoodTech POS Terminal 2,FoodTech POS v4.2.2,FT589491,2022-10-17,2023-09-21,2025-10-17
RTR-0058-01,SW-0058,Network Router,NetLink NL-3000,NetLink NL-3000,NetLink NL-3000 v2.2,NL423528,2023-10-16,2023-01-12,2025-04-03
PRN-0058-P1,SW-0058,Receipt Printer,StarMC Print v2,StarMC Print v2,StarMC Print v2 v3.0,EP352422,2021-03-16,2023-10-26,2026-12-24
SSM-0058-01,SW-0058,Soft Serve Machine,CreamTech SC-300,CreamTech SC-300,CreamTech SC-300 v3.1,CT152995,2022-07-31,2023-09-11,2026-09-04
POS-0059-T1,SW-0059,POS Terminal,FoodTech POS,FoodTech POS Terminal 1,FoodTech POS v5.1.1,FT551860,2020-01-17,2023-02-25,2023-01-17
RTR-0059-01,SW-0059,Network Router,NetLink NL-3000,NetLink NL-3000,NetLink NL-3000 v2.1,NL377319,2023-01-20,2023-07-26,2026-01-10
PRN-0059-P1,SW-0059,Receipt Printer,EpsonTM-T88VI,EpsonTM-T88VI,EpsonTM-T88VI v1.12,EP697983,2023-02-24,2023-04-10,2027-01-13
PRN-0059-P2,SW-0059,Receipt Printer,StarMC Print v2,StarMC Print v2,StarMC Print v2 v3.0,EP177103,2022-03-02,2023-09-16,2027-07-12
POS-0060-T1,SW-0060,POS Terminal,FoodTech POS,FoodTech POS Terminal 1,FoodTech POS v5.1.1,FT234913,2023-06-05,2023-03-02,2026-06-05
RTR-0060-01,SW-0060,Network Router,NetLink NL-3000,NetLink NL-3000,NetLink NL-3000 v2.1,NL513037,2023-02-04,2023-06-23,2026-07-26
PRN-0060-P1,SW-0060,Receipt Printer,EpsonTM-T88VI,EpsonTM-T88VI,EpsonTM-T88VI v1.12,EP308727,2023-05-18,2023-09-18,2027-04-03
KSK-0060-01,SW-0060,Self-Order Kiosk,TouchPoint K1,TouchPoint K1,TouchPoint K1 v1.1,KS142210,2022-02-16,2023-01-20,2026-05-21
POS-0061-T1,SW-0061,POS Terminal,FoodTech POS,FoodTech POS Terminal 1,FoodTech POS v4.2.3,FT246570,2023-05-26,2023-09-21,2026-05-26
RTR-0061-01,SW-0061,Network Router,NetLink NL-3000,NetLink NL-3000,NetLink NL-3000 v2.2,NL742848,2022-10-15,2023-03-25,2026-02-07
PRN-0061-P1,SW-0061,Receipt Printer,StarMC Print v2,StarMC Print v2,StarMC Print v2 v3.0,EP722565,2021-11-19,2023-09-17,2027-11-10
POS-0062-T1,SW-0062,POS Terminal,FoodTech POS,FoodTech POS Terminal 1,FoodTech POS v4.2.1,FT806537,2022-01-24,2023-06-19,2025-01-24
RTR-0062-01,SW-0062,Network Router,NetLink NL-3000,NetLink NL-3000,NetLink NL-3000 v2.1,NL536774,2022-09-23,2023-12-19,2026-10-07
PRN-0062-P1,SW-0062,Receipt Printer,StarMC Print v2,StarMC Print v2,StarMC Print v2 v3.0,EP378428,2023-09-04,2023-10-24,2026-04-12
PRN-0062-P2,SW-0062,Receipt Printer,EpsonTM-T88VI,EpsonTM-T88VI,EpsonTM-T88VI v1.12,EP711868,2022-09-10,2023-03-29,2027-12-10
POS-0063-T1,SW-0063,POS Terminal,FoodTech POS,FoodTech POS Terminal 1,FoodTech POS v4.2.2,FT133104,2023-10-26,2023-05-05,2026-10-26
RTR-0063-01,SW-0063,Network Router,Cisco SG350,Cisco SG350,Cisco SG350 15.2.1,NL834549,2021-08-14,2023-04-08,2025-01-20
PRN-0063-P1,SW-0063,Receipt Printer,StarMC Print v2,StarMC Print v2,StarMC Print v2 v3.0,EP258787,2022-04-25,2023-12-20,2026-02-22
POS-0064-T1,SW-0064,POS Terminal,FoodTech POS,FoodTech POS Terminal 1,FoodTech POS v4.2.1,FT643878,2023-12-16,2023-03-12,2026-12-16
RTR-0064-01,SW-0064,Network Router,NetLink NL-3000,NetLink NL-3000,NetLink NL-3000 v2.1,NL688132,2022-10-28,2023-12-06,2026-05-05
PRN-0064-P1,SW-0064,Receipt Printer,StarMC Print v2,StarMC Print v2,StarMC Print v2 v3.0,EP281594,2022-07-30,2023-09-30,2026-12-03
POS-0065-T1,SW-0065,POS Terminal,FoodTech POS,FoodTech POS Terminal 1,FoodTech POS v5.1.1,FT377203,2023-08-10,2023-12-21,2026-08-10
RTR-0065-01,SW-0065,Network Router,Cisco SG350,Cisco SG350,Cisco SG350 15.2.1,NL607699,2022-01-29,2023-05-07,2025-10-13
PRN-0065-P1,SW-0065,Receipt Printer,EpsonTM-T88VI,EpsonTM-T88VI,EpsonTM-T88VI v1.12,EP412071,2021-08-14,2023-12-27,2026-03-01
POS-0066-T1,SW-0066,POS Terminal,OrbitPOS,OrbitPOS Terminal 1,OrbitPOS v2.1,FT227794,2021-07-14,2023-05-28,2024-07-14
RTR-0066-01,SW-0066,Network Router,Cisco SG350,Cisco SG350,Cisco SG350 15.2.1,NL809489,2023-02-17,2023-07-22,2025-12-20
PRN-0066-P1,SW-0066,Receipt Printer,EpsonTM-T88VI,EpsonTM-T88VI,EpsonTM-T88VI v1.12,EP404561,2020-03-27,2023-05-28,2025-06-11
POS-0067-T1,SW-0067,POS Terminal,FoodTech POS,FoodTech POS Terminal 1,FoodTech POS v5.1.0,FT968170,2021-03-14,2023-04-14,2024-03-14
POS-0067-T2,SW-0067,POS Terminal,FoodTech POS,FoodTech POS Terminal 2,FoodTech POS v5.1.1,FT829988,2021-07-09,2023-10-15,2024-07-09
RTR-0067-01,SW-0067,Network Router,NetLink NL-3000,NetLink NL-3000,NetLink NL-3000 v2.2,NL243941,2021-08-12,2023-11-12,2026-08-24
PRN-0067-P1,SW-0067,Receipt Printer,EpsonTM-T88VI,EpsonTM-T88VI,EpsonTM-T88VI v1.12,EP802371,2022-12-23,2023-04-26,2026-04-22
PRN-0067-P2,SW-0067,Receipt Printer,EpsonTM-T88VI,EpsonTM-T88VI,EpsonTM-T88VI v1.12,EP205065,2022-04-26,2023-06-19,2027-08-26
SSM-0067-01,SW-0067,Soft Serve Machine,CreamTech SC-300,CreamTech SC-300,CreamTech SC-300 v3.1,CT814281,2021-10-09,2023-01-03,2026-07-18
POS-0068-T1,SW-0068,POS Terminal,OrbitPOS,OrbitPOS Terminal 1,OrbitPOS v2.0,FT309144,2022-09-04,2023-11-30,2025-09-04
RTR-0068-01,SW-0068,Network Router,NetLink NL-3000,NetLink NL-3000,NetLink NL-3000 v2.2,NL436768,2022-08-08,2023-11-27,2025-03-02
PRN-0068-P1,SW-0068,Receipt Printer,EpsonTM-T88VI,EpsonTM-T88VI,EpsonTM-T88VI v1.12,EP783984,2023-03-21,2023-04-29,2028-01-01
POS-0069-T1,SW-0069,POS Terminal,FoodTech POS,FoodTech POS Terminal 1,FoodTech POS v4.2.2,FT138105,2022-05-05,2023-04-01,2025-05-05
POS-0069-T2,SW-0069,POS Terminal,OrbitPOS,OrbitPOS Terminal 2,OrbitPOS v2.0,FT885386,2022-10-11,2023-04-06,2025-10-11
RTR-0069-01,SW-0069,Network Router,NetLink NL-3000,NetLink NL-3000,NetLink NL-3000 v2.2,NL139286,2021-01-19,2023-06-02,2026-08-05
PRN-0069-P1,SW-0069,Receipt Printer,StarMC Print v2,StarMC Print v2,StarMC Print v2 v3.0,EP398384,2022-07-19,2023-11-25,2027-12-10
POS-0070-T1,SW-0070,POS Terminal,FoodTech POS,FoodTech POS Terminal 1,FoodTech POS v5.1.0,FT948102,2021-07-12,2023-04-09,2024-07-12
RTR-0070-01,SW-0070,Network Router,NetLink NL-3000,NetLink NL-3000,NetLink NL-3000 v2.1,NL446747,2021-11-29,2023-08-23,2026-10-26
PRN-0070-P1,SW-0070,Receipt Printer,EpsonTM-T88VI,EpsonTM-T88VI,EpsonTM-T88VI v1.12,EP114768,2021-11-21,2023-06-01,2026-01-31
POS-0071-T1,SW-0071,POS Terminal,OrbitPOS,OrbitPOS Terminal 1,OrbitPOS v2.0,FT190951,2022-11-21,2023-06-17,2025-11-21
RTR-0071-01,SW-0071,Network Router,NetLink NL-3000,NetLink NL-3000,NetLink NL-3000 v2.2,NL801765,2021-07-15,2023-04-05,2025-05-24
PRN-0071-P1,SW-0071,Receipt Printer,EpsonTM-T88VI,EpsonTM-T88VI,EpsonTM-T88VI v1.12,EP107161,2021-06-18,2023-07-16,2026-04-28
SSM-0071-01,SW-0071,Soft Serve Machine,FrostyPro 800,FrostyPro 800,FrostyPro 800 v2.0,CT890371,2022-07-01,2023-06-18,2025-11-06
POS-0072-T1,SW-0072,POS Terminal,FoodTech POS,FoodTech POS Terminal 1,FoodTech POS v4.2.3,FT165142,2023-11-19,2023-05-01,2026-11-19
RTR-0072-01,SW-0072,Network Router,Cisco SG350,Cisco SG350,Cisco SG350 15.2.1,NL223967,2023-08-12,2023-06-07,2025-06-13
PRN-0072-P1,SW-0072,Receipt Printer,StarMC Print v2,StarMC Print v2,StarMC Print v2 v3.0,EP823821,2020-08-28,2023-11-24,2026-08-28
POS-0073-T1,SW-0073,POS Terminal,OrbitPOS,OrbitPOS Terminal 1,OrbitPOS v2.0,FT884056,2020-11-09,2023-08-21,2023-11-09
RTR-0073-01,SW-0073,Network Router,Cisco SG350,Cisco SG350,Cisco SG350 15.2.1,NL491774,2023-05-02,2023-12-26,2026-07-17
PRN-0073-P1,SW-0073,Receipt Printer,EpsonTM-T88VI,EpsonTM-T88VI,EpsonTM-T88VI v1.12,EP898867,2021-05-21,2023-12-15,2025-06-17
POS-0074-T1,SW-0074,POS Terminal,OrbitPOS,OrbitPOS Terminal 1,OrbitPOS v2.1,FT969032,2020-08-17,2023-02-01,2023-08-17
RTR-0074-01,SW-0074,Network Router,Cisco SG350,Cisco SG350,Cisco SG350 15.2.1,NL630041,2022-02-19,2023-10-21,2026-07-04
PRN-0074-P1,SW-0074,Receipt Printer,StarMC Print v2,StarMC Print v2,StarMC Print v2 v3.0,EP995993,2022-12-01,2023-08-15,2025-08-27
PRN-0074-P2,SW-0074,Receipt Printer,EpsonTM-T88VI,EpsonTM-T88VI,EpsonTM-T88VI v1.12,EP851742,2023-04-09,2023-09-08,2025-07-06
POS-0075-T1,SW-0075,POS Terminal,FoodTech POS,FoodTech POS Terminal 1,FoodTech POS v4.2.3,FT578987,2022-11-17,2023-08-01,2025-11-17
POS-0075-T2,SW-0075,POS Terminal,FoodTech POS,FoodTech POS Terminal 2,FoodTech POS v5.1.1,FT584838,2020-04-28,2023-10-14,2023-04-28
RTR-0075-01,SW-0075,Network Router,Cisco SG350,Cisco SG350,Cisco SG350 15.2.1,NL946112,2022-09-24,2023-01-12,2026-02-10
PRN-0075-P1,SW-0075,Receipt Printer,EpsonTM-T88VI,EpsonTM-T88VI,EpsonTM-T88VI v1.12,EP882032,2021-03-22,2023-10-24,2025-05-30
POS-0076-T1,SW-0076,POS Terminal,FoodTech POS,FoodTech POS Terminal 1,FoodTech POS v4.2.1,FT133276,2020-05-21,2023-08-30,2023-05-21
POS-0076-T2,SW-0076,POS Terminal,FoodTech POS,FoodTech POS Terminal 2,FoodTech POS v4.2.3,FT906325,2022-04-17,2023-04-03,2025-04-17
RTR-0076-01,SW-0076,Network Router,NetLink NL-3000,NetLink NL-3000,NetLink NL-3000 v2.1,NL903028,2023-05-11,2023-07-11,2026-01-27
PRN-0076-P1,SW-0076,Receipt Printer,StarMC Print v2,StarMC Print v2,StarMC Print v2 v3.0,EP493892,2020-06-13,2023-12-16,2025-09-30
SSM-0076-01,SW-0076,Soft Serve Machine,FrostyPro 800,FrostyPro 800,FrostyPro 800 v1.8,CT224395,2022-01-01,2023-10-03,2026-02-07
POS-0077-T1,SW-0077,POS Terminal,FoodTech POS,FoodTech POS Terminal 1,FoodTech POS v4.2.1,FT585494,2020-02-16,2023-06-02,2023-02-16
RTR-0077-01,SW-0077,Network Router,Cisco SG350,Cisco SG350,Cisco SG350 15.2.1,NL854024,2023-05-19,2023-09-30,2026-01-24
PRN-0077-P1,SW-0077,Receipt Printer,EpsonTM-T88VI,EpsonTM-T88VI,EpsonTM-T88VI v1.12,EP583000,2021-12-09,2023-03-21,2026-07-19
POS-0078-T1,SW-0078,POS Terminal,FoodTech POS,FoodTech POS Terminal 1,FoodTech POS v4.2.1,FT744793,2023-09-14,2023-08-03,2026-09-14
RTR-0078-01,SW-0078,Network Router,NetLink NL-3000,NetLink NL-3000,NetLink NL-3000 v2.1,NL352356,2022-02-27,2023-02-04,2025-04-14
PRN-0078-P1,SW-0078,Receipt Printer,StarMC Print v2,StarMC Print v2,StarMC Print v2 v3.0,EP726822,2023-10-08,2023-12-27,2025-04-10
SSM-0078-01,SW-0078,Soft Serve Machine,CreamTech SC-500,CreamTech SC-500,CreamTech SC-500 v2.4,CT876513,2021-04-01,2023-07-25,2026-03-26
POS-0079-T1,SW-0079,POS Terminal,FoodTech POS,FoodTech POS Terminal 1,FoodTech POS v4.2.1,FT403314,2020-10-13,2023-09-15,2023-10-13
RTR-0079-01,SW-0079,Network Router,NetLink NL-3000,NetLink NL-3000,NetLink NL-3000 v2.1,NL955413,2022-10-16,2023-10-23,2026-09-05
PRN-0079-P1,SW-0079,Receipt Printer,StarMC Print v2,StarMC Print v2,StarMC Print v2 v3.0,EP348411,2021-09-10,2023-03-15,2027-12-04
SSM-0079-01,SW-0079,Soft Serve Machine,CreamTech SC-500,CreamTech SC-500,CreamTech SC-500 v2.4,CT533649,2022-09-08,2023-05-21,2025-03-04
POS-0080-T1,SW-0080,POS Terminal,FoodTech POS,FoodTech POS Terminal 1,FoodTech POS v4.2.2,FT547952,2023-07-06,2023-12-14,2026-07-06
RTR-0080-01,SW-0080,Network Router,Cisco SG350,Cisco SG350,Cisco SG350 15.2.1,NL619696,2021-04-07,2023-06-26,2026-10-21
PRN-0080-P1,SW-0080,Receipt Printer,StarMC Print v2,StarMC Print v2,StarMC Print v2 v3.0,EP830132,2022-05-02,2023-07-29,2025-11-02
POS-0081-T1,SW-0081,POS Terminal,FoodTech POS,FoodTech POS Terminal 1,FoodTech POS v4.2.2,FT999197,2021-04-06,2023-06-03,2024-04-06
RTR-0081-01,SW-0081,Network Router,Cisco SG350,Cisco SG350,Cisco SG350 15.2.1,NL251363,2023-08-07,2023-01-30,2026-07-30
PRN-0081-P1,SW-0081,Receipt Printer,StarMC Print v2,StarMC Print v2,StarMC Print v2 v3.0,EP684357,2022-12-21,2023-03-10,2027-03-07
SSM-0081-01,SW-0081,Soft Serve Machine,CreamTech SC-500,CreamTech SC-500,CreamTech SC-500 v2.4,CT367382,2022-02-21,2023-06-19,2026-10-25
POS-0082-T1,SW-0082,POS Terminal,FoodTech POS,FoodTech POS Terminal 1,FoodTech POS v5.1.1,FT381502,2021-01-25,2023-01-27,2024-01-25
POS-0082-T2,SW-0082,POS Terminal,FoodTech POS,FoodTech POS Terminal 2,FoodTech POS v5.1.0,FT732209,2023-10-11,2023-11-06,2026-10-11
RTR-0082-01,SW-0082,Network Router,NetLink NL-3000,NetLink NL-3000,NetLink NL-3000 v2.1,NL176319,2022-01-21,2023-10-28,2026-11-19
PRN-0082-P1,SW-0082,Receipt Printer,StarMC Print v2,StarMC Print v2,StarMC Print v2 v3.0,EP319036,2021-11-12,2023-06-05,2025-02-01
SSM-0082-01,SW-0082,Soft Serve Machine,CreamTech SC-500,CreamTech SC-500,CreamTech SC-500 v2.4,CT299254,2021-08-29,2023-09-03,2025-09-06
POS-0083-T1,SW-0083,POS Terminal,FoodTech POS,FoodTech POS Terminal 1,FoodTech POS v4.2.3,FT913185,2023-02-04,2023-06-14,2026-02-04
POS-0083-T2,SW-0083,POS Terminal,FoodTech POS,FoodTech POS Terminal 2,FoodTech POS v5.1.0,FT659572,2022-02-18,2023-08-27,2025-02-18
RTR-0083-01,SW-0083,Network Router,Cisco SG350,Cisco SG350,Cisco SG350 15.2.1,NL476710,2022-09-24,2023-05-14,2026-01-04
PRN-0083-P1,SW-0083,Receipt Printer,StarMC Print v2,StarMC Print v2,StarMC Print v2 v3.0,EP588640,2020-07-20,2023-08-29,2026-10-18
POS-0084-T1,SW-0084,POS Terminal,FoodTech POS,FoodTech POS Terminal 1,FoodTech POS v5.1.1,FT117007,2021-03-29,2023-03-16,2024-03-29
POS-0084-T2,SW-0084,POS Terminal,FoodTech POS,FoodTech POS Terminal 2,FoodTech POS v5.1.0,FT707275,2023-02-07,2023-10-27,2026-02-07
RTR-0084-01,SW-0084,Network Router,Cisco SG350,Cisco SG350,Cisco SG350 15.2.1,NL537862,2022-08-28,2023-03-20,2025-07-20
PRN-0084-P1,SW-0084,Receipt Printer,StarMC Print v2,StarMC Print v2,StarMC Print v2 v3.0,EP697467,2021-05-18,2023-09-13,2026-11-23
POS-0085-T1,SW-0085,POS Terminal,FoodTech POS,FoodTech POS Terminal 1,FoodTech POS v5.1.1,FT276405,2022-10-01,2023-08-24,2025-10-01
RTR-0085-01,SW-0085,Network Router,Cisco SG350,Cisco SG350,Cisco SG350 15.2.1,NL933592,2022-12-23,2023-03-28,2025-05-24
PRN-0085-P1,SW-0085,Receipt Printer,StarMC Print v2,StarMC Print v2,StarMC Print v2 v3.0,EP292988,2023-01-15,2023-11-25,2025-05-01
SSM-0085-01,SW-0085,Soft Serve Machine,CreamTech SC-300,CreamTech SC-300,CreamTech SC-300 v3.1,CT979827,2021-06-02,2023-12-09,2025-02-19
POS-0086-T1,SW-0086,POS Terminal,FoodTech POS,FoodTech POS Terminal 1,FoodTech POS v4.2.2,FT258366,2020-05-19,2023-12-29,2023-05-19
RTR-0086-01,SW-0086,Network Router,NetLink NL-3000,NetLink NL-3000,NetLink NL-3000 v2.1,NL329344,2023-11-02,2023-08-22,2026-01-18
PRN-0086-P1,SW-0086,Receipt Printer,StarMC Print v2,StarMC Print v2,StarMC Print v2 v3.0,EP791309,2022-09-26,2023-01-09,2025-01-14
PRN-0086-P2,SW-0086,Receipt Printer,StarMC Print v2,StarMC Print v2,StarMC Print v2 v3.0,EP112426,2020-02-04,2023-09-29,2026-07-17
POS-0087-T1,SW-0087,POS Terminal,OrbitPOS,OrbitPOS Terminal 1,OrbitPOS v2.0,FT200992,2021-01-02,2023-02-24,2024-01-02
RTR-0087-01,SW-0087,Network Router,Cisco SG350,Cisco SG350,Cisco SG350 15.2.1,NL256130,2022-05-09,2023-04-09,2026-09-27
PRN-0087-P1,SW-0087,Receipt Printer,StarMC Print v2,StarMC Print v2,StarMC Print v2 v3.0,EP380310,2022-03-23,2023-02-10,2027-02-04
POS-0088-T1,SW-0088,POS Terminal,FoodTech POS,FoodTech POS Terminal 1,FoodTech POS v4.2.2,FT968286,2021-09-06,2023-12-17,2024-09-06
RTR-0088-01,SW-0088,Network Router,NetLink NL-3000,NetLink NL-3000,NetLink NL-3000 v2.1,NL785491,2021-03-06,2023-02-17,2026-02-20
PRN-0088-P1,SW-0088,Receipt Printer,StarMC Print v2,StarMC Print v2,StarMC Print v2 v3.0,EP158840,2023-07-28,2023-01-05,2025-12-17
POS-0089-T1,SW-0089,POS Terminal,FoodTech POS,FoodTech POS Terminal 1,FoodTech POS v4.2.3,FT653815,2023-03-04,2023-02-18,2026-03-04
RTR-0089-01,SW-0089,Network Router,NetLink NL-3000,NetLink NL-3000,NetLink NL-3000 v2.1,NL340927,2022-03-09,2023-12-21,2026-08-04
PRN-0089-P1,SW-0089,Receipt Printer,EpsonTM-T88VI,EpsonTM-T88VI,EpsonTM-T88VI v1.12,EP177959,2023-11-02,2023-05-24,2025-03-09
SSM-0089-01,SW-0089,Soft Serve Machine,CreamTech SC-500,CreamTech SC-500,CreamTech SC-500 v2.4,CT991737,2022-10-07,2023-01-09,2025-08-01
POS-0090-T1,SW-0090,POS Terminal,OrbitPOS,OrbitPOS Terminal 1,OrbitPOS v2.0,FT270341,2020-06-06,2023-06-03,2023-06-06
RTR-0090-01,SW-0090,Network Router,Cisco SG350,Cisco SG350,Cisco SG350 15.2.1,NL352153,2023-03-08,2023-12-13,2026-07-08
PRN-0090-P1,SW-0090,Receipt Printer,EpsonTM-T88VI,EpsonTM-T88VI,EpsonTM-T88VI v1.12,EP928897,2023-11-12,2023-02-10,2027-10-23
POS-0091-T1,SW-0091,POS Terminal,FoodTech POS,FoodTech POS Terminal 1,FoodTech POS v4.2.2,FT734565,2020-06-04,2023-06-24,2023-06-04
POS-0091-T2,SW-0091,POS Terminal,OrbitPOS,OrbitPOS Terminal 2,OrbitPOS v2.1,FT911131,2023-05-04,2023-07-23,2026-05-04
RTR-0091-01,SW-0091,Network Router,NetLink NL-3000,NetLink NL-3000,NetLink NL-3000 v2.2,NL131064,2022-07-14,2023-08-19,2026-05-18
PRN-0091-P1,SW-0091,Receipt Printer,StarMC Print v2,StarMC Print v2,StarMC Print v2 v3.0,EP552825,2021-01-15,2023-12-15,2027-02-18
PRN-0091-P2,SW-0091,Receipt Printer,EpsonTM-T88VI,EpsonTM-T88VI,EpsonTM-T88VI v1.12,EP909676,2023-06-20,2023-06-01,2026-05-20
POS-0092-T1,SW-0092,POS Terminal,FoodTech POS,FoodTech POS Terminal 1,FoodTech POS v5.1.1,FT875584,2023-07-22,2023-03-20,2026-07-22
POS-0092-T2,SW-0092,POS Terminal,FoodTech POS,FoodTech POS Terminal 2,FoodTech POS v5.1.0,FT211726,2021-10-10,2023-07-04,2024-10-10
RTR-0092-01,SW-0092,Network Router,NetLink NL-3000,NetLink NL-3000,NetLink NL-3000 v2.1,NL105447,2022-09-24,2023-08-16,2026-01-04
PRN-0092-P1,SW-0092,Receipt Printer,EpsonTM-T88VI,EpsonTM-T88VI,EpsonTM-T88VI v1.12,EP238943,2020-06-27,2023-04-06,2027-06-02
KSK-0092-01,SW-0092,Self-Order Kiosk,ServeWell Kiosk,ServeWell Kiosk,ServeWell Kiosk v2.1,KS684041,2023-07-23,2023-09-20,2027-02-22
POS-0093-T1,SW-0093,POS Terminal,OrbitPOS,OrbitPOS Terminal 1,OrbitPOS v2.1,FT503951,2023-05-09,2023-06-16,2026-05-09
RTR-0093-01,SW-0093,Network Router,NetLink NL-3000,NetLink NL-3000,NetLink NL-3000 v2.1,NL406024,2023-04-28,2023-07-18,2025-03-28
PRN-0093-P1,SW-0093,Receipt Printer,EpsonTM-T88VI,EpsonTM-T88VI,EpsonTM-T88VI v1.12,EP699743,2022-12-03,2023-03-28,2027-02-19
SSM-0093-01,SW-0093,Soft Serve Machine,CreamTech SC-500,CreamTech SC-500,CreamTech SC-500 v2.4,CT245584,2022-07-05,2023-06-04,2025-10-02
KSK-0093-01,SW-0093,Self-Order Kiosk,ServeWell Kiosk,ServeWell Kiosk,ServeWell Kiosk v2.1,KS253023,2022-03-06,2023-03-27,2027-03-22
POS-0094-T1,SW-0094,POS Terminal,FoodTech POS,FoodTech POS Terminal 1,FoodTech POS v4.2.3,FT855917,2021-05-30,2023-05-07,2024-05-30
RTR-0094-01,SW-0094,Network Router,Cisco SG350,Cisco SG350,Cisco SG350 15.2.1,NL619886,2022-02-05,2023-08-23,2025-04-20
PRN-0094-P1,SW-0094,Receipt Printer,EpsonTM-T88VI,EpsonTM-T88VI,EpsonTM-T88VI v1.12,EP514913,2021-11-11,2023-11-14,2027-02-18
PRN-0094-P2,SW-0094,Receipt Printer,StarMC Print v2,StarMC Print v2,StarMC Print v2 v3.0,EP561607,2021-11-16,2023-08-09,2025-10-06
SSM-0094-01,SW-0094,Soft Serve Machine,FrostyPro 800,FrostyPro 800,FrostyPro 800 v1.8,CT436241,2022-02-16,2023-09-03,2025-11-18
POS-0095-T1,SW-0095,POS Terminal,OrbitPOS,OrbitPOS Terminal 1,OrbitPOS v2.0,FT441716,2023-03-25,2023-05-05,2026-03-25
RTR-0095-01,SW-0095,Network Router,NetLink NL-3000,NetLink NL-3000,NetLink NL-3000 v2.2,NL393916,2023-03-16,2023-07-06,2025-04-27
PRN-0095-P1,SW-0095,Receipt Printer,EpsonTM-T88VI,EpsonTM-T88VI,EpsonTM-T88VI v1.12,EP720995,2023-01-22,2023-04-03,2025-02-25
SSM-0095-01,SW-0095,Soft Serve Machine,FrostyPro 800,FrostyPro 800,FrostyPro 800 v2.0,CT842776,2022-03-06,2023-08-13,2025-10-26
POS-0096-T1,SW-0096,POS Terminal,OrbitPOS,OrbitPOS Terminal 1,OrbitPOS v2.0,FT245939,2023-10-10,2023-09-13,2026-10-10
RTR-0096-01,SW-0096,Network Router,Cisco SG350,Cisco SG350,Cisco SG350 15.2.1,NL417543,2022-05-11,2023-05-10,2026-11-06
PRN-0096-P1,SW-0096,Receipt Printer,StarMC Print v2,StarMC Print v2,StarMC Print v2 v3.0,EP927406,2022-02-11,2023-02-07,2027-07-09
PRN-0096-P2,SW-0096,Receipt Printer,StarMC Print v2,StarMC Print v2,StarMC Print v2 v3.0,EP710527,2022-03-31,2023-10-01,2027-11-04
KSK-0096-01,SW-0096,Self-Order Kiosk,TouchPoint K1,TouchPoint K1,TouchPoint K1 v1.1,KS538620,2023-07-11,2023-01-19,2027-01-04
POS-0097-T1,SW-0097,POS Terminal,FoodTech POS,FoodTech POS Terminal 1,FoodTech POS v4.2.3,FT789545,2020-08-11,2023-05-08,2023-08-11
RTR-0097-01,SW-0097,Network Router,Cisco SG350,Cisco SG350,Cisco SG350 15.2.1,NL472253,2021-12-07,2023-11-28,2026-09-20
PRN-0097-P1,SW-0097,Receipt Printer,StarMC Print v2,StarMC Print v2,StarMC Print v2 v3.0,EP889245,2021-11-10,2023-08-09,2025-08-05
PRN-0097-P2,SW-0097,Receipt Printer,EpsonTM-T88VI,EpsonTM-T88VI,EpsonTM-T88VI v1.12,EP203396,2021-06-13,2023-04-24,2027-11-12
POS-0098-T1,SW-0098,POS Terminal,FoodTech POS,FoodTech POS Terminal 1,FoodTech POS v4.2.3,FT510133,2022-07-01,2023-07-11,2025-07-01
RTR-0098-01,SW-0098,Network Router,NetLink NL-3000,NetLink NL-3000,NetLink NL-3000 v2.2,NL909859,2023-10-22,2023-03-19,2025-12-20
PRN-0098-P1,SW-0098,Receipt Printer,StarMC Print v2,StarMC Print v2,StarMC Print v2 v3.0,EP209627,2021-08-28,2023-08-01,2025-06-25
POS-0099-T1,SW-0099,POS Terminal,FoodTech POS,FoodTech POS Terminal 1,FoodTech POS v4.2.3,FT922366,2021-12-03,2023-08-22,2024-12-03
POS-0099-T2,SW-0099,POS Terminal,FoodTech POS,FoodTech POS Terminal 2,FoodTech POS v4.2.2,FT465219,2022-12-03,2023-09-05,2025-12-03
RTR-0099-01,SW-0099,Network Router,NetLink NL-3000,NetLink NL-3000,NetLink NL-3000 v2.2,NL202365,2023-06-17,2023-12-23,2026-04-09
PRN-0099-P1,SW-0099,Receipt Printer,StarMC Print v2,StarMC Print v2,StarMC Print v2 v3.0,EP146853,2023-12-26,2023-02-28,2025-02-16
SSM-0099-01,SW-0099,Soft Serve Machine,FrostyPro 800,FrostyPro 800,FrostyPro 800 v1.8,CT779445,2021-08-12,2023-12-13,2025-06-18
POS-0100-T1,SW-0100,POS Terminal,OrbitPOS,OrbitPOS Terminal 1,OrbitPOS v2.1,FT687044,2020-11-23,2023-06-19,2023-11-23
RTR-0100-01,SW-0100,Network Router,NetLink NL-3000,NetLink NL-3000,NetLink NL-3000 v2.2,NL584498,2022-04-20,2023-07-27,2026-10-07
PRN-0100-P1,SW-0100,Receipt Printer,StarMC Print v2,StarMC Print v2,StarMC Print v2 v3.0,EP514798,2020-02-29,2023-11-11,2026-02-09
PRN-0100-P2,SW-0100,Receipt Printer,StarMC Print v2,StarMC Print v2,StarMC Print v2 v3.0,EP720970,2022-05-29,2023-07-19,2025-01-10
POS-0101-T1,SW-0101,POS Terminal,FoodTech POS,FoodTech POS Terminal 1,FoodTech POS v4.2.1,FT938338,2023-03-28,2023-02-22,2026-03-28
RTR-0101-01,SW-0101,Network Router,Cisco SG350,Cisco SG350,Cisco SG350 15.2.1,NL296041,2023-01-20,2023-06-16,2025-07-21
PRN-0101-P1,SW-0101,Receipt Printer,StarMC Print v2,StarMC Print v2,StarMC Print v2 v3.0,EP803281,2022-09-29,2023-09-28,2026-10-04
POS-0102-T1,SW-0102,POS Terminal,FoodTech POS,FoodTech POS Terminal 1,FoodTech POS v4.2.3,FT747351,2021-12-21,2023-08-23,2024-12-21
RTR-0102-01,SW-0102,Network Router,NetLink NL-3000,NetLink NL-3000,NetLink NL-3000 v2.1,NL953266,2022-09-02,2023-11-11,2026-08-28
PRN-0102-P1,SW-0102,Receipt Printer,EpsonTM-T88VI,EpsonTM-T88VI,EpsonTM-T88VI v1.12,EP428399,2020-08-29,2023-05-03,2026-09-18
PRN-0102-P2,SW-0102,Receipt Printer,EpsonTM-T88VI,EpsonTM-T88VI,EpsonTM-T88VI v1.12,EP291936,2022-02-03,2023-12-22,2025-10-17
POS-0103-T1,SW-0103,POS Terminal,FoodTech POS,FoodTech POS Terminal 1,FoodTech POS v5.1.0,FT610310,2022-05-16,2023-04-06,2025-05-16
POS-0103-T2,SW-0103,POS Terminal,FoodTech POS,FoodTech POS Terminal 2,FoodTech POS v5.1.1,FT776604,2023-01-05,2023-12-22,2026-01-05
RTR-0103-01,SW-0103,Network Router,NetLink NL-3000,NetLink NL-3000,NetLink NL-3000 v2.1,NL681868,2021-12-08,2023-09-08,2025-10-23
PRN-0103-P1,SW-0103,Receipt Printer,StarMC Print v2,StarMC Print v2,StarMC Print v2 v3.0,EP982885,2022-07-12,2023-11-14,2025-04-20
PRN-0103-P2,SW-0103,Receipt Printer,StarMC Print v2,StarMC Print v2,StarMC Print v2 v3.0,EP110048,2022-09-19,2023-03-11,2026-02-04
POS-0104-T1,SW-0104,POS Terminal,OrbitPOS,OrbitPOS Terminal 1,OrbitPOS v2.0,FT615611,2022-04-17,2023-12-17,2025-04-17
RTR-0104-01,SW-0104,Network Router,NetLink NL-3000,NetLink NL-3000,NetLink NL-3000 v2.2,NL844638,2023-06-29,2023-09-08,2025-06-21
PRN-0104-P1,SW-0104,Receipt Printer,EpsonTM-T88VI,EpsonTM-T88VI,EpsonTM-T88VI v1.12,EP934541,2021-03-27,2023-05-30,2025-03-08
PRN-0104-P2,SW-0104,Receipt Printer,StarMC Print v2,StarMC Print v2,StarMC Print v2 v3.0,EP335765,2023-01-06,2023-05-28,2025-12-11
POS-0105-T1,SW-0105,POS Terminal,FoodTech POS,FoodTech POS Terminal 1,FoodTech POS v5.1.0,FT218710,2023-01-30,2023-09-19,2026-01-30
RTR-0105-01,SW-0105,Network Router,Cisco SG350,Cisco SG350,Cisco SG350 15.2.1,NL219754,2022-07-03,2023-10-06,2026-01-11
PRN-0105-P1,SW-0105,Receipt Printer,EpsonTM-T88VI,EpsonTM-T88VI,EpsonTM-T88VI v1.12,EP896922,2022-06-22,2023-10-07,2026-03-24
POS-0106-T1,SW-0106,POS Terminal,FoodTech POS,FoodTech POS Terminal 1,FoodTech POS v4.2.3,FT571578,2021-09-01,2023-01-17,2024-09-01
RTR-0106-01,SW-0106,Network Router,NetLink NL-3000,NetLink NL-3000,NetLink NL-3000 v2.2,NL465509,2021-06-28,2023-08-13,2025-05-01
PRN-0106-P1,SW-0106,Receipt Printer,EpsonTM-T88VI,EpsonTM-T88VI,EpsonTM-T88VI v1.12,EP320073,2023-04-19,2023-12-19,2026-12-20
KSK-0106-01,SW-0106,Self-Order Kiosk,TouchPoint K1,TouchPoint K1,TouchPoint K1 v1.1,KS739905,2023-10-10,2023-08-08,2026-06-19
POS-0107-T1,SW-0107,POS Terminal,FoodTech POS,FoodTech POS Terminal 1,FoodTech POS v4.2.1,FT658136,2023-03-13,2023-06-29,2026-03-13
RTR-0107-01,SW-0107,Network Router,NetLink NL-3000,NetLink NL-3000,NetLink NL-3000 v2.2,NL725850,2021-12-11,2023-06-15,2026-12-22
PRN-0107-P1,SW-0107,Receipt Printer,StarMC Print v2,StarMC Print v2,StarMC Print v2 v3.0,EP999695,2022-11-19,2023-12-14,2025-07-15
POS-0108-T1,SW-0108,POS Terminal,FoodTech POS,FoodTech POS Terminal 1,FoodTech POS v4.2.1,FT233051,2021-07-21,2023-12-02,2024-07-21
RTR-0108-01,SW-0108,Network Router,Cisco SG350,Cisco SG350,Cisco SG350 15.2.1,NL239136,2022-05-27,2023-03-16,2026-12-30
PRN-0108-P1,SW-0108,Receipt Printer,EpsonTM-T88VI,EpsonTM-T88VI,EpsonTM-T88VI v1.12,EP898462,2023-10-16,2023-07-21,2027-09-30
SSM-0108-01,SW-0108,Soft Serve Machine,CreamTech SC-500,CreamTech SC-500,CreamTech SC-500 v2.4,CT705474,2022-07-05,2023-11-18,2026-03-01
POS-0109-T1,SW-0109,POS Terminal,FoodTech POS,FoodTech POS Terminal 1,FoodTech POS v4.2.1,FT886224,2022-04-05,2023-09-21,2025-04-05
RTR-0109-01,SW-0109,Network Router,NetLink NL-3000,NetLink NL-3000,NetLink NL-3000 v2.2,NL828449,2023-01-26,2023-08-21,2026-05-15
PRN-0109-P1,SW-0109,Receipt Printer,EpsonTM-T88VI,EpsonTM-T88VI,EpsonTM-T88VI v1.12,EP911739,2020-07-09,2023-08-23,2027-01-04
KSK-0109-01,SW-0109,Self-Order Kiosk,ServeWell Kiosk,ServeWell Kiosk,ServeWell Kiosk v2.0,KS934328,2023-07-02,2023-07-23,2026-08-12
POS-0110-T1,SW-0110,POS Terminal,FoodTech POS,FoodTech POS Terminal 1,FoodTech POS v4.2.3,FT673896,2021-08-03,2023-06-22,2024-08-03
RTR-0110-01,SW-0110,Network Router,Cisco SG350,Cisco SG350,Cisco SG350 15.2.1,NL236937,2023-09-21,2023-06-25,2026-11-30
PRN-0110-P1,SW-0110,Receipt Printer,EpsonTM-T88VI,EpsonTM-T88VI,EpsonTM-T88VI v1.12,EP204411,2023-07-06,2023-08-24,2025-02-03
POS-0111-T1,SW-0111,POS Terminal,FoodTech POS,FoodTech POS Terminal 1,FoodTech POS v4.2.1,FT822040,2022-05-26,2023-04-14,2025-05-26
RTR-0111-01,SW-0111,Network Router,NetLink NL-3000,NetLink NL-3000,NetLink NL-3000 v2.1,NL781571,2022-09-11,2023-03-23,2025-10-08
PRN-0111-P1,SW-0111,Receipt Printer,StarMC Print v2,StarMC Print v2,StarMC Print v2 v3.0,EP362552,2020-06-17,2023-07-10,2025-12-05
PRN-0111-P2,SW-0111,Receipt Printer,EpsonTM-T88VI,EpsonTM-T88VI,EpsonTM-T88VI v1.12,EP515594,2023-07-05,2023-06-06,2026-04-25
SSM-0111-01,SW-0111,Soft Serve Machine,FrostyPro 800,FrostyPro 800,FrostyPro 800 v2.0,CT787326,2021-07-06,2023-12-27,2025-04-08
POS-0112-T1,SW-0112,POS Terminal,FoodTech POS,FoodTech POS Terminal 1,FoodTech POS v4.2.2,FT566686,2022-11-29,2023-12-15,2025-11-29
POS-0112-T2,SW-0112,POS Terminal,FoodTech POS,FoodTech POS Terminal 2,FoodTech POS v4.2.1,FT460263,2020-01-17,2023-12-23,2023-01-17
RTR-0112-01,SW-0112,Network Router,NetLink NL-3000,NetLink NL-3000,NetLink NL-3000 v2.1,NL542828,2021-09-28,2023-09-02,2025-03-14
PRN-0112-P1,SW-0112,Receipt Printer,EpsonTM-T88VI,EpsonTM-T88VI,EpsonTM-T88VI v1.12,EP866260,2020-07-28,2023-02-22,2026-10-04
PRN-0112-P2,SW-0112,Receipt Printer,StarMC Print v2,StarMC Print v2,StarMC Print v2 v3.0,EP413791,2020-10-07,2023-07-15,2025-09-30
SSM-0112-01,SW-0112,Soft Serve Machine,CreamTech SC-500,CreamTech SC-500,CreamTech SC-500 v2.4,CT171734,2023-12-23,2023-10-16,2025-01-09
POS-0113-T1,SW-0113,POS Terminal,FoodTech POS,FoodTech POS Terminal 1,FoodTech POS v4.2.2,FT531709,2023-07-10,2023-03-19,2026-07-10
RTR-0113-01,SW-0113,Network Router,Cisco SG350,Cisco SG350,Cisco SG350 15.2.1,NL819916,2023-06-26,2023-04-22,2025-03-30
PRN-0113-P1,SW-0113,Receipt Printer,EpsonTM-T88VI,EpsonTM-T88VI,EpsonTM-T88VI v1.12,EP888996,2020-09-09,2023-10-29,2027-02-26
POS-0114-T1,SW-0114,POS Terminal,FoodTech POS,FoodTech POS Terminal 1,FoodTech POS v4.2.2,FT188341,2021-07-21,2023-11-27,2024-07-21
RTR-0114-01,SW-0114,Network Router,NetLink NL-3000,NetLink NL-3000,NetLink NL-3000 v2.1,NL680278,2022-08-07,2023-12-20,2025-01-28
PRN-0114-P1,SW-0114,Receipt Printer,StarMC Print v2,StarMC Print v2,StarMC Print v2 v3.0,EP315425,2022-11-26,2023-11-07,2027-11-10
POS-0115-T1,SW-0115,POS Terminal,FoodTech POS,FoodTech POS Terminal 1,FoodTech POS v4.2.2,FT218220,2022-10-10,2023-07-17,2025-10-10
RTR-0115-01,SW-0115,Network Router,NetLink NL-3000,NetLink NL-3000,NetLink NL-3000 v2.1,NL623850,2021-05-26,2023-09-28,2025-01-13
PRN-0115-P1,SW-0115,Receipt Printer,StarMC Print v2,StarMC Print v2,StarMC Print v2 v3.0,EP238394,2022-03-03,2023-10-19,2027-05-12
SSM-0115-01,SW-0115,Soft Serve Machine,FrostyPro 800,FrostyPro 800,FrostyPro 800 v1.8,CT672896,2021-12-20,2023-08-30,2025-03-16
POS-0116-T1,SW-0116,POS Terminal,FoodTech POS,FoodTech POS Terminal 1,FoodTech POS v4.2.1,FT631219,2020-05-03,2023-07-23,2023-05-03
RTR-0116-01,SW-0116,Network Router,NetLink NL-3000,NetLink NL-3000,NetLink NL-3000 v2.2,NL759104,2023-10-24,2023-08-01,2026-03-10
PRN-0116-P1,SW-0116,Receipt Printer,EpsonTM-T88VI,EpsonTM-T88VI,EpsonTM-T88VI v1.12,EP771652,2023-01-03,2023-10-03,2025-11-09
SSM-0116-01,SW-0116,Soft Serve Machine,FrostyPro 800,FrostyPro 800,FrostyPro 800 v1.8,CT187657,2022-09-27,2023-02-10,2026-06-08
KSK-0116-01,SW-0116,Self-Order Kiosk,ServeWell Kiosk,ServeWell Kiosk,ServeWell Kiosk v2.0,KS947312,2022-06-09,2023-10-02,2026-12-01
POS-0117-T1,SW-0117,POS Terminal,FoodTech POS,FoodTech POS Terminal 1,FoodTech POS v4.2.1,FT558737,2021-09-27,2023-12-24,2024-09-27
RTR-0117-01,SW-0117,Network Router,Cisco SG350,Cisco SG350,Cisco SG350 15.2.1,NL987586,2022-05-04,2023-01-30,2025-09-08
PRN-0117-P1,SW-0117,Receipt Printer,StarMC Print v2,StarMC Print v2,StarMC Print v2 v3.0,EP221620,2022-07-17,2023-11-10,2025-04-23
PRN-0117-P2,SW-0117,Receipt Printer,StarMC Print v2,StarMC Print v2,StarMC Print v2 v3.0,EP798435,2023-09-09,2023-03-31,2025-09-02
POS-0118-T1,SW-0118,POS Terminal,OrbitPOS,OrbitPOS Terminal 1,OrbitPOS v2.0,FT642347,2021-12-11,2023-09-25,2024-12-11
POS-0118-T2,SW-0118,POS Terminal,FoodTech POS,FoodTech POS Terminal 2,FoodTech POS v4.2.3,FT233096,2020-12-07,2023-07-10,2023-12-07
RTR-0118-01,SW-0118,Network Router,Cisco SG350,Cisco SG350,Cisco SG350 15.2.1,NL919067,2022-07-05,2023-03-02,2025-01-31
PRN-0118-P1,SW-0118,Receipt Printer,StarMC Print v2,StarMC Print v2,StarMC Print v2 v3.0,EP385192,2022-12-08,2023-02-02,2026-06-23
SSM-0118-01,SW-0118,Soft Serve Machine,CreamTech SC-300,CreamTech SC-300,CreamTech SC-300 v3.1,CT620248,2023-07-22,2023-09-19,2026-01-04
KSK-0118-01,SW-0118,Self-Order Kiosk,ServeWell Kiosk,ServeWell Kiosk,ServeWell Kiosk v2.0,KS623879,2023-08-04,2023-03-27,2027-01-12
POS-0119-T1,SW-0119,POS Terminal,FoodTech POS,FoodTech POS Terminal 1,FoodTech POS v4.2.1,FT102693,2021-04-12,2023-09-18,2024-04-12
RTR-0119-01,SW-0119,Network Router,NetLink NL-3000,NetLink NL-3000,NetLink NL-3000 v2.1,NL112884,2022-05-16,2023-01-24,2026-04-29
PRN-0119-P1,SW-0119,Receipt Printer,EpsonTM-T88VI,EpsonTM-T88VI,EpsonTM-T88VI v1.12,EP287654,2020-03-13,2023-10-11,2027-05-09
SSM-0119-01,SW-0119,Soft Serve Machine,CreamTech SC-500,CreamTech SC-500,CreamTech SC-500 v2.4,CT437433,2022-05-24,2023-08-02,2025-11-24
POS-0120-T1,SW-0120,POS Terminal,OrbitPOS,OrbitPOS Terminal 1,OrbitPOS v2.1,FT288056,2023-10-10,2023-01-27,2026-10-10
RTR-0120-01,SW-0120,Network Router,NetLink NL-3000,NetLink NL-3000,NetLink NL-3000 v2.1,NL943409,2023-11-23,2023-01-24,2026-02-15
PRN-0120-P1,SW-0120,Receipt Printer,StarMC Print v2,StarMC Print v2,StarMC Print v2 v3.0,EP396020,2021-09-28,2023-06-17,2025-06-26
PRN-0120-P2,SW-0120,Receipt Printer,StarMC Print v2,StarMC Print v2,StarMC Print v2 v3.0,EP108356,2022-01-25,2023-04-13,2026-08-21
SSM-0120-01,SW-0120,Soft Serve Machine,FrostyPro 800,FrostyPro 800,FrostyPro 800 v1.8,CT875501,2022-05-12,2023-08-26,2026-01-13
KSK-0120-01,SW-0120,Self-Order Kiosk,TouchPoint K1,TouchPoint K1,TouchPoint K1 v1.1,KS617326,2022-07-20,2023-10-07,2026-09-09
